ID,Name_lang,Description_lang,CompletionPlayerConditionID,Flags,QuestID,PlayerConditionID,Field_10_2_7_54171_005
1,蛮荒之地的要塞,,0,8,0,0,0
18,突袭刀塔堡垒,,0,8,0,0,0
19,保卫沃高尔,,0,8,0,0,0
20,贾纳尔的复仇,,0,8,0,0,0
21,雷霆之殇,,0,8,0,0,0
22,雷霆小径之战,,0,8,0,0,0
23,建造你的岗哨,,0,8,0,0,0
24,沙塔斯之战,,0,8,0,0,0
25,鸦人的困境,,0,8,0,0,0
26,奥金顿的阴影,,0,8,0,0,0
27,对抗战歌氏族,,0,8,0,0,0
28,对抗战歌氏族,,0,8,0,0,0
29,元素王座,,0,8,0,0,0
30,元素王座,,0,8,0,0,0
31,奥金顿的阴影,,0,8,0,0,0
32,沙塔斯之战,,0,8,0,0,0
33,建造你的岗哨,,0,8,0,0,0
34,暗影蔽日,,0,8,0,0,0
35,海军上将泰勒的要塞,,0,8,0,0,0
36,海军上将泰勒的要塞,,0,8,0,0,0
37,鸦爪祭司的秘密,,0,8,0,0,0
38,阿兰卡诸神,,0,8,0,0,0
39,蛮荒之地的要塞,,0,8,0,0,0
40,觉醒的暗影,,0,8,0,0,0
41,主教议会,,0,8,0,0,0
42,密林中的木精,,0,8,0,0,0
43,月之阴暗面,,0,8,0,0,0
44,卡拉波之光,,0,8,0,0,0
45,拨云见日,,0,8,0,0,0
46,埃匹希斯的遗产,,0,8,0,0,0
47,泰罗克的传奇,,0,8,0,0,0
48,建立坠斧营地,,0,8,0,0,0
49,占领南港,,0,8,0,0,0
50,宾奇维斯的零件工厂,,0,8,0,0,0
51,渡鸦吞天,,0,8,0,0,0
52,我们需要一座岗哨,,0,8,0,0,0
53,支援你的要塞,,0,8,0,0,0
54,支援你的要塞,,0,8,0,0,0
55,深入巨人之境,,0,8,0,0,0
56,深入巨人之境,,0,8,0,0,0
57,建造要塞,,0,8,0,0,0
58,捕风捉影,,0,8,0,0,0
59,捕风捉影,,0,8,0,0,0
60,黑暗之门,,0,8,0,0,0
61,血环氏族,,0,8,0,0,0
62,碎手氏族,,0,8,0,0,0
63,影月氏族,,0,8,0,0,0
64,黑石氏族,,0,8,0,0,0
65,逃出塔纳安,,0,8,0,0,0
68,铁港入口,,0,8,0,0,0
69,铁港入口,,0,8,0,0,0
70,要塞战役,,0,8,0,0,0
71,要塞战役,,0,8,0,0,0
82,寻找潮汐之石,,0,8,0,0,0
84,血环氏族,,0,8,0,0,0
85,血环氏族,,0,8,0,0,0
86,白银之手,,0,8,0,0,0
87,灰烬使者,,0,8,0,0,0
89,河湾,,0,8,0,0,0
90,战胜燃烧军团的关键,,0,8,0,0,0
93,天角部族,,0,8,0,0,0
94,军团锻造,,0,8,0,0,0
95,军团采矿,,0,8,0,0,0
96,军团裁缝,,0,8,0,0,0
97,军团炼金,,0,8,0,0,0
99,要塞战役,,0,8,0,0,0
100,要塞战役,,0,8,0,0,0
101,要塞战役,,0,8,0,0,0
102,要塞战役,,0,8,0,0,0
103,要塞战役,,0,8,0,0,0
104,要塞战役,,0,8,0,0,0
105,要塞战役,,0,8,0,0,0
106,要塞战役,,0,8,0,0,0
107,要塞战役,,0,8,0,0,0
108,要塞战役,,0,8,0,0,0
109,要塞战役,,0,8,0,0,0
110,要塞战役,,0,8,0,0,0
111,要塞战役,,0,8,0,0,0
112,要塞战役,,0,8,0,0,0
113,要塞战役,,0,8,0,0,0
114,要塞战役,,0,8,0,0,0
115,要塞战役,,0,8,0,0,0
116,要塞战役,,0,8,0,0,0
117,要塞战役,,0,8,0,0,0
118,要塞战役,,0,8,0,0,0
119,要塞战役,,0,8,0,0,0
120,要塞战役,,0,8,0,0,0
121,血魔,,0,8,0,0,0
122,血魔,,0,8,0,0,0
123,寻找艾斯卡,,0,8,0,0,0
124,古尔丹的结局,,0,8,0,0,0
125,寻找艾斯卡,,0,8,0,0,0
126,古尔丹的结局,,0,8,0,0,0
127,被遗忘者舰队,,0,8,0,0,0
128,天火号残骸,,0,8,0,0,0
129,力量试炼,,0,8,0,0,0
130,格雷迈恩的尝试,,0,8,0,0,0
131,格雷迈恩的尝试,,0,8,0,0,0
132,意志试炼,,0,8,0,0,0
133,意志试炼,,0,8,0,0,0
134,勇气试炼,,0,8,0,0,0
135,冥狱深渊之旅,,0,8,0,0,0
136,女武神的秘密,,0,8,0,0,0
137,女武神的秘密,,0,8,0,0,0
138,风暴峡湾的勇士,,0,8,0,0,0
139,码头及船坞简介 - 部落,,0,8,0,0,0
140,码头及船坞简介 - 联盟,,0,8,0,0,0
141,入侵塔纳安 - 部落,,0,8,0,0,0
142,入侵塔纳安 - 联盟,,0,8,0,0,0
143,雪盲台地,,0,8,0,0,0
144,河鬃部族,,0,8,0,0,0
145,鲜血图腾部族,,0,8,0,0,0
146,胡恩之战,,0,8,0,0,0
148,至高岭的秘密,,0,8,0,0,0
149,无冕者,,0,8,0,0,0
150,守望者地窟,,0,8,0,0,0
152,堕夜,,0,8,0,0,0
153,凯尔丹纳斯的遗产,,0,8,0,0,0
154,传送师,,0,8,0,0,0
155,供给沙尔艾兰,,0,8,0,0,0
156,化装舞会,,0,8,0,0,0
158,古老的礼物,,0,8,0,0,0
159,欺诈者的双刃,,0,8,0,0,0
160,奥达奇战刃,,0,8,0,0,0
161,伊利达雷,,0,8,0,0,0
162,恐惧之刃,,0,8,0,0,0
163,吞噬者之牙,,0,8,0,0,0
164,加尼尔，母亲之树,,0,8,0,0,0
165,泰坦之击,,0,8,0,0,0
166,艾露尼斯，护法者之杖,,0,8,0,0,0
167,乌索克之爪,,0,8,0,0,0
168,堕落王子之剑,,0,8,0,0,0
169,诅咒之喉,,0,8,0,0,0
170,黑锋骑士团,,0,8,0,0,0
171,梦境林地,,0,8,0,0,0
172,残寺派,,0,8,0,0,0
173,风行者的遗产,,0,8,0,0,0
174,隐秘通途,,0,8,0,0,0
175,军团附魔,,0,8,0,0,0
176,军团工程学,,0,8,0,0,0
177,军团铭文,,0,8,0,0,0
178,军团珠宝加工,,0,8,0,0,0
179,军团制皮,,0,8,0,0,0
180,军团草药学,,0,8,0,0,0
181,军团剥皮,,0,8,0,0,0
182,军团考古学,,0,8,0,0,0
183,弑君者,,0,8,0,0,0
184,自然的呼唤,,0,8,0,0,0
185,谷地大德鲁伊,,0,8,0,0,0
186,利爪大德鲁伊,,0,8,0,0,0
187,传承大德鲁伊,,0,8,0,0,0
188,深入梦魇,,0,8,0,0,0
189,历经梦魇,,0,8,0,0,0
190,历经梦魇,,0,8,0,0,0
191,鲑鱼溪,,0,8,0,0,0
192,黑鸦堡垒,,0,8,0,0,0
193,阿莎曼之牙,,0,8,0,0,0
194,福枬，云游者之友,,0,8,0,0,0
195,诸天之拳,,0,8,0,0,0
196,残寺派,,0,8,0,0,0
197,伊利达雷的命运,,0,8,0,0,0
198,联盟的勇士,,0,8,0,0,0
199,部落的勇士,,0,8,0,0,0
200,残月酒馆,,0,8,0,0,0
201,鲜血与美酒,,0,8,0,0,0
202,王佐之才,,0,8,0,0,0
203,成长的烦恼,,0,8,0,0,0
204,季节的变换,,0,8,0,0,0
205,能量的平衡,,0,40,0,0,0
206,起源,,0,8,0,0,0
207,黑暗收割议会,,0,8,0,0,0
208,乌萨勒斯，逆风收割者,,0,8,0,0,0
209,天启,,0,8,0,0,0
210,月神镰刀,,0,8,0,0,0
211,神器研究,,0,8,0,0,0
212,暗影之刃的传说,,0,8,0,0,0
213,成为瓦拉加尔,,0,8,0,0,0
214,成为瓦拉加尔,,0,8,0,0,0
215,英雄猎杀者,,0,8,0,0,0
216,王者之剑,,0,8,0,0,0
217,破冰者的遗产,,0,8,0,0,0
218,圣光与虚空,,0,8,0,0,0
219,暮光之刃,,0,8,0,0,0
220,雄鹰之爪,,0,8,0,0,0
221,真理守护者,,0,8,0,0,0
222,白银之手,,0,8,0,0,0
223,黑檀之寒,,0,8,0,0,0
224,萨格拉斯权杖,,0,8,0,0,0
225,保卫蓝翼栖地,,0,8,0,0,0
226,对抗巨人,,0,8,0,0,0
227,玛拉纳和女王的复仇号的命运,,0,8,0,0,0
228,荒野守望者,,0,8,0,0,0
229,重建议会,,0,8,0,0,0
230,实现预言,,0,8,0,0,0
231,元素领主,,0,8,0,0,0
232,天启四骑士,,0,8,0,0,0
234,大宗师之旅,,0,8,0,0,0
235,永恒梦境,,0,8,0,0,0
236,圣光之路,,0,8,0,0,0
237,提瑞斯秘法会的崛起,,0,8,0,0,0
238,苍穹要塞编年史,,0,8,0,0,0
239,圣光之怒,,0,8,0,0,0
240,“军团再临”前夕事件——第1周,,0,8,0,0,0
241,“军团再临”前夕事件——第2周,,0,8,0,0,0
242,“军团再临”前夕事件——第3周,,0,8,0,0,0
243,图雷,,0,8,0,0,0
244,烈焰之击,,0,8,0,0,0
245,堕落者之颅,,0,8,0,0,0
246,迷雾之杖,,0,8,0,0,0
247,传说武器,,0,8,0,0,0
248,秘法会的重生,,0,8,0,0,0
249,军团采矿,,0,8,0,0,0
250,军团采矿,,0,8,0,0,0
251,军团剥皮,,0,8,0,0,0
252,军团剥皮,,0,8,0,0,0
253,军团草药学,,0,8,0,0,0
254,军团草药学,,0,8,0,0,0
255,军团草药学,,0,8,0,0,0
256,军团草药学,,0,8,0,0,0
257,军团草药学,,0,8,0,0,0
258,“军团再临”前夕事件——第2周,,0,8,0,0,0
259,“军团再临”前夕事件——第1周,,0,8,0,0,0
260,“军团再临”前夕事件——第1周,,0,8,0,0,0
261,“军团再临”前夕事件——第1周,,0,8,0,0,0
262,“军团再临”前夕事件——第1周,,0,8,0,0,0
263,“军团再临”前夕事件——第1周,,0,8,0,0,0
264,不屈之环,,0,8,0,0,0
265,毁灭之锤的召唤,,0,8,0,0,0
266,雷霆之声,,0,8,0,0,0
267,艾萨拉的力量,,0,8,0,0,0
268,极限潜能,,0,8,0,0,0
269,风行者的遗产,,0,8,0,0,0
270,风行者的遗产,,0,8,0,0,0
271,猎人之道,,0,8,0,0,0
272,古老的武器,,0,8,0,0,0
273,黑锋骑士团,,0,8,0,0,0
274,毁灭利器之书,,0,8,0,0,0
275,7.0世界任务,,0,8,0,0,0
276,军团裁缝,,0,8,0,0,0
277,破碎海滩反击战,,0,8,0,0,0
278,议会的挑战,,0,8,0,0,0
279,艾利桑德的反击,,0,8,0,0,0
280,证明价值,,0,8,0,0,0
282,精灵事务,,0,8,0,0,0
283,备战,,0,8,0,0,0
284,进军苏拉玛,,0,8,0,0,0
285,全面封锁,,0,8,0,0,0
286,失踪人口,,0,8,0,0,0
287,残月渐圆,,0,8,0,0,0
288,意志坚如钢铁,,0,8,0,0,0
289,战斗宠物训练师,,0,8,0,0,0
290,战斗宠物训练师,,0,8,0,0,0
291,可疑的军火,,0,8,0,0,0
292,攻破暗夜要塞,,0,8,0,0,0
293,魔王归来,,0,8,0,0,0
294,重返卡拉赞,,0,8,0,0,0
295,泰坦革新,,0,8,0,0,0
296,邪能蠕虫之灾,,0,8,0,0,0
297,职业坐骑：法师,,0,8,0,0,0
300,战斗宠物训练师,,0,8,0,0,0
302,职业坐骑：圣骑士,,0,8,0,0,0
303,职业坐骑：战士,,0,8,0,0,0
304,黑鸦堡垒的威胁,,0,8,0,0,0
305,军团突袭 - 风暴峡湾,,0,8,0,0,0
306,军团突袭 - 阿苏纳,,0,8,0,0,0
307,军团突袭 - 至高岭,,0,8,0,0,0
308,军团突袭 - 瓦尔莎拉,,0,8,0,0,0
309,抗魔联军战役,,0,8,0,0,0
310,神后挑战,,0,8,0,0,0
311,鬼母挑战,,0,8,0,0,0
312,双子挑战,,0,8,0,0,0
313,克希雷姆挑战,,0,8,0,0,0
314,勇士：阿卡扎曼扎拉克,,0,8,0,0,0
315,职业坐骑：术士,,0,8,0,0,0
316,职业坐骑：武僧,,0,8,0,0,0
318,欢迎来到赞达拉,与海岛王国赞达拉合作的话，我们可以获得他们的传奇海军……这可以让我们在与联盟的战争中获得优势。,0,8,0,0,0
319,发掘,,0,8,0,0,0
320,黑暗丛林纳兹米尔,,0,8,0,0,0
321,军团考古学,,0,8,0,0,0
322,军团考古学,,0,8,0,0,0
323,军团考古学,,0,8,0,0,0
324,军团考古学,,0,8,0,0,0
325,军团考古学,,0,8,0,0,0
326,军团考古学,,0,8,0,0,0
327,军团考古学,,0,8,0,0,0
328,军团考古学,,0,8,0,0,0
329,军团考古学,,0,8,0,0,0
330,军团考古学,,0,8,0,0,0
331,军团考古学,,0,8,0,0,0
332,军团考古学,,0,8,0,0,0
333,军团考古学,,0,8,0,0,0
334,先知与预言,,0,8,0,0,0
335,死亡契约,,0,8,0,0,0
336,寻找伊利丹·怒风,,0,8,0,0,0
338,赞枢利议会,,0,8,0,0,0
339,泰安诺的麻烦,,0,8,0,0,0
340,攻陷碎光号,,0,8,0,0,0
341,贾德维克的族长,,0,8,0,0,0
342,护月堡垒,,0,8,0,0,0
343,四色祝福包,,0,8,0,0,0
344,救赎岗哨,,0,8,0,0,0
345,突袭阿古斯,,0,8,0,0,0
346,前往阿古斯！,,0,8,0,0,0
347,王者之路,,0,8,0,0,0
348,圣光之母,,0,8,0,0,0
349,人群之中,,0,8,0,0,0
350,艾泽拉斯的警告,,0,8,0,0,0
351,职业坐骑：死亡骑士,,0,8,0,0,0
352,克罗米之死,,0,8,0,0,0
353,纳斯拉克斯突袭,,0,8,0,0,0
354,运送炸药,,0,8,0,0,0
355,军团越狱,,0,8,0,0,0
357,军团炼金,,0,8,0,0,0
358,军团锻造,,0,8,0,0,0
359,军团工程学,,0,8,0,0,0
360,军团锻造,,0,8,0,0,0
361,军团珠宝加工,,0,8,0,0,0
362,军团制皮,,0,8,0,0,0
363,军团裁缝,,0,8,0,0,0
364,军团锻造,,0,8,0,0,0
365,石化森林,,0,8,0,0,0
366,执政团之冠,,0,8,0,0,0
367,穿越宇宙,,0,8,0,0,0
368,艾瑞达斯之影,,0,8,0,0,0
369,入侵裂隙,,0,8,0,0,0
370,光铸道标：城市中心,,0,8,0,0,0
371,阿古斯之心,,0,8,0,0,0
372,虚空之光熔炉,,0,8,0,0,0
373,拉斯塔利战港,,0,8,0,0,0
374,蝙蝠洛阿神灵,,0,8,0,0,0
375,往东吧，年老的始祖龟,,0,8,0,0,0
376,杜隆塔尔试炼,,0,8,0,0,0
377,部落盟友：至高岭牛头人,,0,8,0,0,0
381,萧湾镇,,0,8,0,0,0
382,绞刑手海角,,0,8,0,0,0
383,箭谷镇,,0,8,0,0,0
384,高山台地,,0,8,0,0,0
386,灼热峡谷,,0,8,0,0,0
390,阿拉希高地,,0,8,0,0,0
396,荒芜之地,,0,8,0,0,0
398,诅咒之地,,0,8,0,0,0
402,燃烧平原,,0,8,0,0,0
403,荆棘谷海角,,0,8,0,0,0
406,东瘟疫之地,,0,8,0,0,0
409,希尔斯布莱德丘陵,,0,8,0,0,0
414,北荆棘谷,,0,8,0,0,0
418,西瘟疫之地,,0,8,0,0,0
421,西部荒野,,0,8,0,0,0
425,暮色森林,,0,8,0,0,0
426,悲伤沼泽,,0,8,0,0,0
432,银松森林,,0,8,0,0,0
433,赤脊山,,0,8,0,0,0
434,辛特兰,,0,8,0,0,0
440,反思之时,,0,8,0,0,0
441,洛克莫丹,,0,8,0,0,0
442,危机之地,,0,8,0,0,0
443,湿地,,0,8,0,0,0
444,幽魂之地,,0,8,0,0,0
447,诺莫瑞根马拉松,,0,8,0,0,0
448,地狱火半岛,,0,8,0,0,0
463,赞加沼泽,,0,8,0,0,0
473,泰罗卡森林,,0,8,0,0,0
474,刀锋山,,0,8,0,0,0
486,纳格兰,,0,8,0,0,0
488,虚空风暴,,0,8,0,0,0
493,影月谷,,0,8,0,0,0
500,艾萨拉,,0,8,0,0,0
504,秘血岛,,0,8,0,0,0
506,希利苏斯,,0,8,0,0,0
507,费伍德森林,,0,8,0,0,0
508,冬泉谷,,0,8,0,0,0
509,北贫瘠之地,,0,8,0,0,0
510,黑海岸,,0,8,0,0,0
511,塔纳利斯,,0,8,0,0,0
512,安戈洛环形山,,0,8,0,0,0
514,灰谷，联盟,,0,8,0,0,0
515,灰谷，中立,,0,8,0,0,0
516,灰谷，部落,,0,8,0,0,0
517,石爪山脉，联盟,,0,8,0,0,0
518,石爪山脉，部落,,0,8,0,0,0
519,南贫瘠之地,,0,8,0,0,0
520,凄凉之地,,0,8,0,0,0
521,千针石林,,0,8,0,0,0
522,青蛙之王,,0,8,0,0,0
523,泰坦揭示,,0,8,0,0,0
524,让鲜血巨魔流血,,0,8,0,0,0
525,菲拉斯,,0,8,0,0,0
526,尘泥沼泽,,0,8,0,0,0
527,洛阿神灵之行,,0,8,0,0,0
528,嚎风峡湾,,0,8,0,0,0
529,龙骨荒野,,0,8,0,0,0
530,北风苔原,,0,8,0,0,0
531,部落盟友：夜之子,,0,8,0,0,0
532,联盟盟友：虚空精灵,,0,8,0,0,0
533,联盟盟友：光铸德莱尼,,0,8,0,0,0
534,索拉查盆地,,0,8,0,0,0
535,风暴峭壁,,0,8,0,0,0
536,祖达克,,0,8,0,0,0
537,灰熊丘陵,,0,8,0,0,0
538,冰冠冰川,,0,8,0,0,0
539,瓦丝琪尔，柯尔普萨之森和烁光海床,,0,8,0,0,0
541,瓦丝琪尔，深渊之喉,,0,8,0,0,0
542,海加尔山,,0,8,0,0,0
543,深岩之洲，战争与炮艇,,0,8,0,0,0
544,深岩之洲，石之王座,,0,8,0,0,0
545,奥丹姆,,0,8,0,0,0
546,暮光高地,,0,8,0,0,0
547,翡翠林，坡东村,,0,8,0,0,0
548,翡翠林，水语仪式,,0,8,0,0,0
549,翡翠林，白卒和珠鳍村,,0,8,0,0,0
550,翡翠林，地狱咆哮之拳的残骸,,0,8,0,0,0
551,翡翠林，第一次接触,,0,8,0,0,0
552,翡翠林，同床异梦和古鲁金猴山,,0,8,0,0,0
553,翡翠林，晨芳园和天禅院和蜜露村,,0,8,0,0,0
554,翡翠林，绿石采掘场、十雷台和青龙,,0,8,0,0,0
555,四风谷，雷脚农场,,0,8,0,0,0
556,四风谷，泥盏营地,,0,8,0,0,0
557,四风谷，陈的杰作,,0,8,0,0,0
558,四风谷，风暴烈酒酿造厂、隐秘大师和奈辛瓦里狩猎队,,0,8,0,0,0
559,卡桑琅丛林,,0,8,0,0,0
560,昆莱山,,0,8,0,0,0
561,螳螂高原,,0,8,0,0,0
562,恐惧废土,,0,8,0,0,0
563,杜隆塔尔,,0,8,0,0,0
564,莫高雷,,0,8,0,0,0
565,提瑞斯法林地,,0,8,0,0,0
566,艾尔文森林,,0,8,0,0,0
567,丹莫罗,,0,8,0,0,0
568,泰达希尔,,0,8,0,0,0
569,永歌森林,,0,8,0,0,0
570,秘蓝岛,,0,8,0,0,0
571,失落群岛,,0,8,0,0,0
572,吉尔尼斯,,0,8,0,0,0
573,迷踪岛,,0,8,0,0,0
574,部落盟友,,0,8,0,0,0
575,联盟盟友,,0,8,0,0,0
576,希利苏斯：创伤之痕,,0,8,0,0,0
577,遗忘海湾,,0,8,0,0,0
578,联盟盟友,,0,8,0,0,0
579,联盟盟友,,0,8,0,0,0
580,部落盟友,,0,8,0,0,0
581,部落盟友,,0,8,0,0,0
582,夺回布伦纳丹,,0,8,0,0,0
583,突袭沼泽,,0,8,0,0,0
584,大酋长的命令,,0,8,0,0,0
585,艾什凡贸易公司,,0,8,0,0,0
586,流亡者与联络人,,0,8,0,0,0
587,自由镇,,0,8,0,0,0
588,戴林之门的守卫,,0,8,0,0,0
589,分裂的国度,与海岛之国库尔提拉斯合作的话，我们可以获得他们的传奇海军……这可以让我们在与部落的战争中获得优势。,0,8,0,0,0
590,内忧,,0,8,0,0,0
591,诺文顿庄园,,0,8,0,0,0
592,尖角码头的阴影,,0,8,0,0,0
593,破火营地,,0,8,0,0,0
594,赞达拉港,,0,8,0,0,0
595,谎言之网,,0,8,0,0,0
596,佐巴尔的幽灵,,0,8,0,0,0
597,阿罗姆之台,,0,8,0,0,0
598,克莱因,,0,8,0,0,0
599,克莱因上城区,,0,8,0,0,0
600,戈尔奥希格,,0,8,0,0,0
602,赤红森林,,0,8,0,0,0
603,黑暗之心,帮助布莱恩·铜须引领探险队深入纳兹米尔的黑暗丛林，寻找失踪的康拉德队长。当心鲜血巨魔。,0,8,52013,0,0
604,德鲁斯瓦据点,贸易大王加里维克斯收到报告说，在德鲁斯瓦探测到了大量的艾泽里特矿藏。陪他走一遭吧。,0,8,51987,0,0
605,不可能的盟友,,0,8,0,0,0
606,沙漠里的祸患,,0,8,0,0,0
607,戎卫的命运,,0,8,0,0,0
608,秘密之城,,0,8,0,0,0
609,三位守护者,,0,8,0,0,0
610,袭击高塔,,0,8,0,0,0
611,阿图阿曼,,0,8,0,0,0
612,逃出暴风城,既然他们敢攻击幽暗城，我们也敢直闯暴风城。是时候救回我们的士兵了。,0,8,0,0,0
613,沃顿的沙漠,沃顿沙漠有座海港很有潜力，适合我们的舰队停靠。但首先，我们得解决掉这里的蛇人。,0,8,52008,0,0
614,迅捷出击,雷克萨在斯托颂谷地建立了一座岗哨，但他的军队被包围了。,0,8,51753,0,0
615,国王的任务,光靠你自己没法赢得这场战争。去寻找盟友来支持你对抗部落吧。,0,8,0,0,0
616,统一库尔提拉斯,在真正向部落全面开战前，需要强化与库尔提拉斯人的友好关系。,0,8,51918,0,0
617,赞达拉众志成城,在真正向联盟全面开战前，需要强化与赞达拉的友好关系。,0,8,51916,0,0
618,大酋长的任务,光靠你自己没法赢得这场战争。去寻找盟友来支持你对抗联盟吧。,0,8,0,0,0
619,海岛探险,我们在海上发现了海量的艾泽里特！弗林·法温德船长可以用他的船——米登维克号——送你过去。,0,8,51904,0,0
620,海岛探险,我们在海上发现了海量的艾泽里特！雷兹奥昆船长可以用他的船——帕库之息号——送你过去。,0,8,51888,0,0
621,内藏玄机,黑铁矮人在赞达拉的首都祖达萨附近建立了营地。他们发现了艾泽里特，需要你帮忙搜索该区域。,0,8,52003,0,0
622,我们的海盗生活,暗影猎手塔金在提拉加德海峡与一些叛变的海盗取得了联系。我们可以在那里建立基地，深入库尔提拉斯的腹地。,0,8,51975,0,0
623,库尔提拉斯战役,我们与赞达拉的合作发展良好。但联盟也在培养他们与库尔提拉斯的关系，以打造强大的军队。绝不能允许这样的情况发生。,0,8,0,0,0
624,赞达拉战役,我们与库尔提拉斯的合作发展良好。但部落也在培养他们与赞达拉的关系，以打造强大的军队。绝不能允许这样的情况发生。,0,8,0,0,0
625,第一波攻击,加入纳萨诺斯·凋零者和莉莉安·沃斯，与他们一起深入提拉加德海峡的腹地。,0,8,51601,0,0
626,元帅之墓,德鲁斯瓦的墓地里埋葬着库尔提拉斯战争英雄的遗体。我们可以战略性地……使用这些尸体。,0,8,51789,0,0
627,海贤之死,斯托颂谷地的海潮贤者对海洋有无与伦比的掌控力……我们需要这股力量。,0,8,52122,0,0
628,血之沙,我们的第一位部落贵客是阿莱瑟尔·观日者，他是神圣遗物学会的高级成员。干掉他，让部落知道，犯我联盟者，即便是远跨大洋，也无法逃脱制裁。,0,8,52146,0,0
629,攻打伯拉勒斯,我们现在有了绝佳的诱饵，可以把库尔提拉斯的军队从首都伯拉勒斯引开，这样可以争取到一点时间，以便达成我们的终极目标：深渊节杖。,0,8,53003,0,0
630,腐化祭坛,,0,8,0,0,0
631,Test Quest Line,,95789,8,52262,0,403592
632,追逐黑暗,我们的第二位部落贵客是游侠队长艾蕾尔，她是大酋长希尔瓦娜斯最信赖的黑暗游侠之一。,0,8,52219,0,0
633,金色的机遇,我们得分散行动。珊蒂斯会追查鲜血王子德利文的下落，而你和魔导师乌布里克要去解决部落的第三位贵客：贸易大王加里维克斯,0,8,52261,0,0
634,渡船通行证,,0,8,0,0,0
635,洛丹伦之战,再也不能让部落盘踞在幽暗城了！今天，我们要夺回洛丹伦，为了联盟！,0,8,0,0,0
636,洛丹伦之战,联盟正向幽暗城进军！我们要牵制入侵，打垮他们的军队。为了部落！,0,8,0,0,0
637,大酋长的命令,,0,8,0,0,0
638,血染大海,我们截获了一封部落密函，得知鲜血王子德利文目前正在无尽之海的一艘部落舰船上。我们有许多将士都死在德利文手上。血债血偿的时候到了。,0,8,52496,0,0
734,逝去的酋长,,0,8,0,0,0
735,亡者的正义,,0,8,0,0,0
736,海底游,无尽之海的海底沉眠着一位很久以前的著名库尔提拉斯海军船长。我们去拜访一下他吧。,0,8,52978,0,0
737,直击祖达萨,我们对部落步步紧逼。在赞达拉成功进行多次定点刺杀行动后，他们被搞得晕头转向，力量也变弱了。现在，时机已经成熟，可以直击赞达拉帝国的心脏了。,0,8,52790,0,0
738,戈菲尔德的战争,,0,8,0,0,0
739,坍圮危机,,0,8,0,0,0
740,死亡浅滩,,0,8,0,0,0
741,Test Questline,,0,9,0,0,0
742,库尔提拉斯,,0,8,0,0,0
743,艾泽拉斯之心,麦格尼带来了一份礼物，还有一个可怕的消息：艾泽拉斯正濒临死亡。,0,8,51211,0,0
744,仇恨之轮,,0,8,0,0,0
745,库尔提拉斯之傲,,0,8,0,0,0
746,激流堡之战,部落威胁到了激流堡要塞。我们得为洛丹伦之战做准备！,0,8,53198,0,0
747,激流堡之战,联盟的国防军兵力分散，要拿下激流堡要塞实在是轻而易举。我们得为洛丹伦之战做准备！,0,8,53212,0,0
748,8.0 Professions - Gathering - Herbalism - Kul Tiras - Akunda's Bite - SCS,,0,8,0,0,0
749,8.0 Professions - Gathering - Herbalism - Zandalar - Akunda's Bite - SCS,,0,8,0,0,0
750,8.0 Professions - Gathering - Herbalism - Kul Tiras - Anchor Weed  - SCS,,0,8,0,0,0
751,8.0 Professions - Gathering - Herbalism - Zandalar - Anchor Weed  - SCS,,0,8,0,0,0
752,8.0 Professions - Gathering - Herbalism - Kul Tiras - Riverbud - SCS,,0,8,0,0,0
753,8.0 Professions - Gathering - Herbalism - Kul Tiras - Sea Stalk - SCS,,0,8,0,0,0
754,8.0 Professions - Gathering - Herbalism - Kul Tiras - Siren's Pollen - SCS,,0,8,0,0,0
755,8.0 Professions - Gathering - Herbalism - Kul Tiras - Star Moss - SCS,,0,8,0,0,0
756,8.0 Professions - Gathering - Herbalism - Kul Tiras - Winter's Kiss - SCS,,0,8,0,0,0
757,8.0 Professions - Gathering - Herbalism - Zandalar - Riverbud - SCS,,0,8,0,0,0
758,8.0 Professions - Gathering - Herbalism - Zandalar - Sea Stalk - SCS,,0,8,0,0,0
759,8.0 Professions - Gathering - Herbalism - Zandalar - Siren's Pollen - SCS,,0,8,0,0,0
760,8.0 Professions - Gathering - Herbalism - Zandalar - Star Moss - SCS,,0,8,0,0,0
761,8.0 Professions - Gathering - Herbalism - Zandalar - Winter's Kiss - SCS,,0,8,0,0,0
762,8.0 Professions - Gathering - Mining - Zandalar - Monelite Deposit - SCS,,0,8,0,0,0
763,8.0 Professions - Gathering - Mining - Zandalar - Monelite Seam - SCS,,0,8,0,0,0
764,8.0 Professions - Gathering - Mining - Zandalar - Platinum Deposit - SCS,,0,8,0,0,0
765,8.0 Professions - Gathering - Mining - Zandalar - Storm Silver Deposit - SCS,,0,8,0,0,0
766,8.0 Professions - Gathering - Mining - Zandalar - Storm Silver Seam - SCS,,0,8,0,0,0
767,8.0 Professions - Gathering - Mining - Kul Tiras - Monelite Deposit - SCS,,0,8,0,0,0
768,8.0 Professions - Gathering - Mining - Kul Tiras - Monelite Seam - SCS,,0,8,0,0,0
769,8.0 Professions - Gathering - Mining - Kul Tiras - Platinum Deposit - SCS,,0,8,0,0,0
770,8.0 Professions - Gathering - Mining - Kul Tiras - Storm Silver Deposit - SCS,,0,8,0,0,0
771,8.0 Professions - Gathering - Mining - Kul Tiras - Storm Silver Seam - SCS,,0,8,0,0,0
772,8.0 Professions - Gathering - Skinnin - Kul Tiras - Bone - SCS,,0,8,0,0,0
773,8.0 Professions - Gathering - Skinnin - Kul Tiras - Leather - SCS,,0,8,0,0,0
774,8.0 Professions - Gathering - Skinnin - Kul Tiras - Scale - SCS,,0,8,0,0,0
775,8.0 Professions - Gathering - Skinnin - Zandalar - Bone - SCS,,0,8,0,0,0
776,8.0 Professions - Gathering - Skinnin - Zandalar - Leather - SCS,,0,8,0,0,0
777,8.0 Professions - Gathering - Skinnin - Zandalar - Scale - SCS,,0,8,0,0,0
779,赞达拉万古长存,,0,8,0,0,0
780,部落盟友：玛格汉兽人,,0,8,0,0,0
781,联盟盟友：黑铁矮人,,0,8,0,0,0
782,征服奖励,,0,15,0,0,0
783,联盟盟友,,0,8,0,0,0
784,部落盟友,,0,8,0,0,0
785,艾泽拉斯之心,麦格尼带来了一份礼物，还有一个可怕的消息：艾泽拉斯正濒临死亡。,0,8,51211,0,0
787,职业坐骑：恶魔猎手,,0,8,0,0,0
788,职业坐骑：萨满祭司,,0,8,0,0,0
789,职业坐骑：牧师,,0,8,0,0,0
790,职业坐骑：德鲁伊,,0,8,0,0,0
791,职业坐骑：猎人,,0,8,0,0,0
792,职业坐骑：潜行者,,0,8,0,0,0
793,赞达拉区域选择,,0,8,0,0,0
794,守卫戴林要塞,,0,8,0,0,0
795,鲜血关口,,0,8,0,0,0
796,部落盟友：狐人,,0,8,0,0,0
797,至黑之夜,,0,8,0,0,0
802,失落的荣耀,探索洛丹伦之战后萨鲁法尔的命运。,0,8,0,0,0
803,黑暗中的声音,,0,8,0,0,0
804,矮人传承护甲,,0,8,0,0,0
805,暗影猎手,,0,8,0,0,0
810,并非猴戏,联盟想进攻赞达拉巨魔，需要招募一些侏儒工程师和一只勇敢的大猩猩。,0,8,54206,0,0
811,血精灵传承护甲,,0,8,0,0,0
815,评级坐骑奖励,,0,8,0,0,0
838,突袭诺文顿庄园,联盟和库尔提拉斯人把他们的艾泽里特武器囤积在诺文顿庄园。把武器偷过来就能改变战局。,0,8,53981,0,0
839,加里维克斯与加氏灭世机甲的冒险之旅,加里维克斯需要找个帮手才能使用他的死亡机甲——加氏灭世机甲——与联盟对抗。,0,8,54094,0,0
841,赞达拉之怒,联盟对赞达拉的进攻开始了！他们的军队正在一片神秘浓雾的掩护下，在纳兹米尔跃进。,0,8,54282,0,0
842,分隔之路,拉斯塔哈大王已死，赞达拉舰队全面瘫痪。希尔瓦娜斯·风行者好像已经想出了新的计划，可以挽救部落的颓势。,0,8,54165,0,0
843,小心那大海的女儿,吉安娜·普罗德摩尔现在是库尔提拉斯的海军统帅，她需要帮手来保卫家园，抗击部落。,0,8,53887,0,0
845,战场迷雾,库尔提拉斯舰队正在准备攻击祖达萨。为了确保胜利，联盟必须把部落和赞达拉的兵力引到纳兹米尔。,0,8,54485,0,0
847,胜利的代价,联盟重创了赞达拉舰队，消灭了拉斯塔哈大王，但也付出了沉重的代价。,0,8,54183,0,0
848,逃离托尔达戈,希尔瓦娜斯·风行者下令把普里西拉·艾什凡从托尔达戈劫走。她相信，艾什凡掌握着对计划至关重要的情报。此外，还需要获取一些资源。,0,8,54179,0,0
849,劫掠珍宝间,部落盗取了深渊节杖，这是件足以摧毁库尔提拉斯舰队的神器。联盟若想在进攻祖达萨时有任何的胜算，就必须夺回这把神器。,0,8,54510,0,0
851,风暴熔炉,,0,8,0,0,0
853,职业坐骑：牧师,,0,8,0,0,0
856,至黑之夜,,0,8,0,0,0
858,侏儒传承护甲,,0,8,0,0,0
860,牛头人的传承,,0,8,0,0,0
862,猎人永不孤单,,0,8,0,0,0
863,Francesco Test Quest Line,,0,8,0,0,0
864,鲜血关口,,0,8,0,0,0
868,商业工具：Ub3r扳手,,0,8,0,0,0
869,商业工具：Ub3r扳手,,0,8,0,0,0
870,8.1.5 War Campaign - Horde - Chapter 01 - TSH,,0,8,0,0,0
873,忠诚的考验,贝恩·血蹄确信，不能让德里克·普罗德摩尔成为对抗联盟的武器，于是邀请你帮忙释放他。,0,8,54999,0,0
880,代言人的决心,,0,8,0,0,0
881,阴暗的后果,希尔瓦娜斯召集部落的领袖前往战牙要塞，你得在她到那里前肃清场地。,0,8,55051,0,0
884,黑暗游侠的回忆,,0,8,0,0,0
886,艾萨拉的陷阱,,0,8,0,0,0
887,8.1.5 珠宝加工 - 联盟,,0,8,0,0,0
888,8.1.5 珠宝加工 - 部落,,0,8,0,0,0
889,8.1.5 珠宝加工 - 海洋神龛,,0,8,0,0,0
890,8.1.5 珠宝加工 - 日暮神龛,,0,8,0,0,0
892,8.1.5 珠宝加工 - 沙漠神龛,,0,8,0,0,0
893,8.1.5 珠宝加工 - 自然神龛,,0,8,0,0,0
894,8.1.5 珠宝加工 - 风暴神龛,,0,8,0,0,0
895,8.1.5 珠宝加工 - 拂晓神龛,,0,8,0,0,0
896,8.1.5 锻造 - 联盟,,0,8,0,0,0
897,8.1.5 锻造 - 部落,,0,8,0,0,0
898,8.1.5 锻造 - 联盟/部落,,0,8,0,0,0
899,8.1.5 炼金 - 联盟,,0,8,0,0,0
900,8.1.5 炼金 - 部落,,0,8,0,0,0
901,8.1.5 铭文 - 联盟,,0,8,0,0,0
902,8.1.5 铭文 - 部落,,0,8,0,0,0
903,8.1.5 铭文 - 联盟/部落,,0,8,0,0,0
904,8.1.5 裁缝 - 联盟,,0,8,0,0,0
905,8.1.5 裁缝 - 部落,,0,8,0,0,0
906,8.1.5 裁缝 - 联盟/部落,,0,8,0,0,0
907,8.1.5 Leatherworking - Alliance,,0,8,0,0,0
908,8.1.5 Leatherworking - Horde,,0,8,0,0,0
909,8.1.5 Enchanting - Alliance,,0,8,0,0,0
910,8.1.5 Enchanting - Horde,,0,8,0,0,0
911,8.1.5 Enchanting - Alliance/Horde,,0,8,0,0,0
912,梦境精华,,0,8,0,0,0
916,联盟盟友：库尔提拉斯人,,0,8,0,0,0
917,联盟盟友,,0,8,0,0,0
918,部落盟友,,0,8,0,0,0
919,部落盟友：赞达拉巨魔,,0,8,0,0,0
920,8.2 Heart - HoA Progression - Level I,,0,8,0,0,0
921,哥哥的守护者,你试图了结艾什凡女勋爵的事情的同时，贝恩·血蹄出人意料地给吉安娜·普罗德摩尔发来了一份讯息。,0,8,55045,0,0
922,山雨欲来,斯托颂谷地的部落活动急剧增加，这意味着那里即将发生一件大事。联盟已经派出特工，以窥探这场新的威胁。,0,8,55090,0,0
923,强化艾泽拉斯之心,,0,8,0,0,0
924,麦卡贡钓鱼,,0,8,0,0,0
925,制造坐骑,,0,8,0,0,0
926,失踪的考察队,,0,8,0,0,0
929,8.1.5 Leatherworking - Alliance - Classic Content,,0,8,0,0,0
930,8.1.5 Leatherworking - Alliance - Legion Content,,0,8,0,0,0
931,8.1.5 Leatherworking - Horde - Classic Content,,0,8,0,0,0
932,8.1.5 Leatherworking - Horde - Legion Content,,0,8,0,0,0
933,8.2 Heart - Blue Gem,,0,8,0,0,0
934,8.2 Heart - HoA Progression - Level II,,0,8,0,0,0
935,驯恐角龙高手,,0,8,0,0,0
938,力挽狂澜,,0,8,0,0,0
939,纳沙塔尔的深渊,,0,8,0,0,0
940,麦卡贡探险,,0,8,0,0,0
941,麦卡贡探险,,0,8,0,0,0
942,海洋奥秘,,0,8,0,0,0
943,海洋奥秘,,0,8,0,0,0
944,结交朋友,,0,8,0,0,0
945,无翼的救赎,,0,8,0,0,0
947,追踪黑王子,,0,8,0,0,0
948,凯尔雅·坠月,,0,8,0,0,0
949,欢迎来到纳沙塔尔,,0,8,0,0,0
950,起源熔炉,,0,8,0,0,0
951,黑暗中的盟友,,0,8,0,0,0
952,全面升级,,0,8,0,0,0
953,锈栓能量,,0,8,0,0,0
954,垃圾场匠技,,0,8,0,0,0
955,8.2 Professions - Tier Gear Spell Focus - (A),,0,8,0,0,0
956,8.2 Professions - Tier Gear Spell Focus - (H),,0,8,0,0,0
957,狼人传承护甲,,0,8,0,0,0
958,赤红之翼的阴影,,0,8,0,0,0
959,快充实验,,0,8,0,0,0
960,建筑工程,,0,8,0,0,0
961,蓝龙军团之雷,,0,8,0,0,0
962,米露恩来访,,0,8,0,0,0
963,莫克希来访,,0,8,0,0,0
964,探险者协会来访,,0,8,0,0,0
965,爆缸航天局来访,,0,8,0,0,0
966,拉沙克的骑兵来访,,0,8,0,0,0
967,沃尔顿·轮狂来访,,0,8,0,0,0
968,克罗米来访,,0,8,0,0,0
969,佩妮·殴底来访,,0,8,0,0,0
970,恐怖船长德梅萨来访,,0,8,0,0,0
971,档案员比特拜来访,,0,8,0,0,0
972,刀下留人,获悉贝恩·血蹄将被处决，安度因·乌瑞恩国王要求你加入一支小队，打入奥格瑞玛，拯救贝恩。,0,8,0,0,0
973,刀下留人,获悉贝恩·血蹄将被处决，洛瑟玛要求你加入一支小队，打入奥格瑞玛，拯救贝恩，违抗大酋长的命令。,0,8,0,0,0
974,始祖龟来访,,0,8,0,0,0
975,力挽狂澜,,0,8,0,0,0
976,8.2 Heart - HoA Progression - Level III,,0,8,0,0,0
977,8.3 Heart - HoA Progression - Level IV,,0,8,0,0,0
978,我想相信蜜蜂,,0,8,0,0,0
979,奥格索普来访,,0,8,0,0,0
980,麦卡贡的冲突,,0,8,0,0,0
981,耶比托·乔巴斯来访,,0,8,0,0,0
982,麦卡贡的冲突,,0,8,0,0,0
983,纳拉克煞引擎,,0,8,0,0,0
984,时光旅行者的精华,,0,8,0,0,0
985,欢迎来到雷文德斯,,0,8,0,0,0
992,魔古压境,,0,8,0,0,0
994,主宰者,,0,8,0,0,0
995,指控者,,0,8,0,0,0
996,悔悟狩猎,,0,8,0,0,0
997,地精传承护甲,,0,8,0,0,0
998,癫狂公爵,,0,8,0,0,0
1000,联盟盟友：机械侏儒,,0,8,0,0,0
1001,永恒的呼唤,,0,8,0,0,0
1002,欢迎来到炽蓝仙野,,0,8,0,0,0
1003,打破轮回,部落面临着考验。在恩佐斯崛起的同时，大酋长希尔瓦娜斯·风行者召回了所有忠于她的子民，以实现她对部落的愿景。萨鲁法尔大王也一样。,0,8,0,0,0
1004,打破轮回,恩佐斯正在崛起，乌瑞恩国王请求你抛开对部落的成见，为艾泽拉斯而奋斗，与萨鲁法尔大王并肩作战，抵抗希尔瓦娜斯·风行者。,0,8,0,0,0
1005,雷纳索尔王子,,0,8,0,0,0
1006,拯救幽蓝树桩,,0,8,0,0,0
1008,支援瓦尔仙林,,0,8,0,0,0
1009,螳螂妖的威胁,,0,8,0,0,0
1010,盟约大厅介绍,,0,8,0,0,0
1011,幽林谷,,0,8,0,0,0
1012,穿越黑暗,,0,8,0,0,0
1014,身居其中,,0,8,0,0,0
1015,8.3 Pet Dungeon,,0,8,0,0,0
1016,亚基攻势,,0,8,0,0,0
1017,直面罪孽,,0,8,0,0,0
1018,统御,,0,8,0,0,0
1022,欢迎来到纳沙塔尔,,0,8,0,0,0
1023,艾萨拉的陷阱,,0,8,0,0,0
1024,贪婪,照管者，贪婪收割者，古墓区领主,0,8,0,0,0
1025,死木,,0,8,0,0,0
1026,王子加冕,,0,8,0,0,0
1027,沉睡者的幻象,,0,8,0,0,0
1028,黑暗低语,,0,8,0,0,0
1029,阿玛赛特之谜,,0,8,0,0,0
1030,黑王子归来,,0,8,0,0,0
1031,8.3 Professions - Tier Gear Spell Focus - (A),,0,8,0,0,0
1032,8.3 Professions - Tier Gear Spell Focus - (H),,0,8,0,0,0
1033,唤醒沉睡者,,0,8,0,0,0
1035,死亡之力日渐增长,,0,8,0,0,0
1036,钟声,,0,8,0,0,0
1038,谎言主宰者,,0,8,0,0,0
1039,欲望,女伯爵，欲望收割者，城堡区领主,0,8,0,0,0
1040,镜子网络,,0,8,0,0,0
1041,嫉妒,奉纳长，嫉妒收割者，村庄区领主,0,8,0,0,0
1042,部落盟友,,0,8,0,0,0
1055,候选者试练场,,0,8,0,0,0
1056,纯洁神庙,,0,8,0,0,0
1057,伤逝勇士,,0,8,0,0,0
1058,魂选密院,,0,8,0,0,0
1059,间谍主母,,0,8,0,0,0
1060,造物密院,,0,8,0,0,0
1061,凋零密院,,0,8,0,0,0
1062,受诅者仪式,,0,8,0,0,0
1063,空荡荡的王座,,0,8,0,0,0
1064,月夜战神之女,,0,8,0,0,0
1065,堕罪堡,堕罪堡，温西尔盟约大厅介绍,0,8,0,0,0
1066,勇气神庙,,0,8,0,0,0
1068,谨遵执政官的意志,,0,8,0,0,0
1069,收割者之庭,,0,8,0,0,0
1070,失踪的考察队,,0,8,0,0,0
1071,鹰身人的问题,,0,8,0,0,0
1072,地底恐魔,,0,8,0,0,0
1073,职业学习,,0,8,0,0,0
1074,职业学习,,0,8,0,0,0
1075,职业学习,,0,8,0,0,0
1076,职业学习,,0,8,0,0,0
1077,职业学习,,0,8,0,0,0
1078,职业学习,,0,8,0,0,0
1079,职业学习,,0,8,0,0,0
1080,职业学习,,0,8,0,0,0
1081,职业学习,,0,8,0,0,0
1082,职业学习,,0,8,0,0,0
1083,前往暗槌,,0,8,0,0,0
1087,忠于兵主,,0,8,0,0,0
1088,锐眼密院,,0,8,0,0,0
1089,灵魂幸存者,,0,8,0,0,0
1090,晋升试炼,,0,8,0,0,0
1091,费斯图斯，万世之源,,0,8,0,0,0
1092,痛悔印记,,0,8,0,0,0
1093,炽蓝仙野容器,,0,8,0,0,0
1094,步步逼近,,0,8,0,0,0
1096,惩奸除恶,,0,8,0,0,0
1098,为了女王和林地！,,0,8,0,0,0
1099,月夜战神的诅咒,,0,8,0,0,0
1100,硕角猎人,,0,8,0,0,0
1101,老大,,0,8,0,0,0
1102,给洛阿神灵的交易,,0,8,0,0,0
1103,德鲁“死”特,,0,8,0,0,0
1104,德鲁斯特归于德鲁斯特,,0,8,0,0,0
1107,失踪的考察队,,0,8,0,0,0
1108,穿过破碎天空,暗影界第一天任务线,0,0,0,0,0
1109,追逐回忆,,0,8,0,0,0
1112,祭仪密院,,0,8,0,0,0
1113,半巫妖,,0,8,0,0,0
1114,变节的巫妖,,0,8,0,0,0
1115,祭仪密院,,0,8,0,0,0
1116,兵主的肩甲,,0,8,0,0,0
1117,巴米达尔的特殊请求,,0,8,0,0,0
1118,突袭祭仪密院,,0,8,0,0,0
1119,不可忘却,,0,8,0,0,0
1120,金色破晓,,0,8,0,0,0
1121,罪有应得,,0,8,0,0,0
1123,重返噬渊,,0,8,0,0,0
1125,悲秋林地,,0,8,0,0,0
1126,闪瀑高地,,0,8,0,0,0
1127,此乃正道,,0,8,0,0,0
1128,未知的命运,,0,8,0,0,0
1129,未知的命运,,0,8,0,0,0
1130,天灾归来,,0,8,0,0,0
1131,9.0 Bastion - World Quests (For Broadcast Text Linkage) - GJC,,0,8,0,0,0
1132,晋升之路,,0,8,0,0,0
1133,战争的消息,,0,8,0,0,0
1134,侠盗猎城手,,0,8,0,0,0
1135,来到暗影界,,0,8,0,0,0
1136,托加斯特,,0,8,0,0,0
1137,选择你的盟约,,0,8,0,0,0
1138,窥视黑暗,,0,8,0,0,0
1139,女王的温室,,0,8,0,0,0
1140,命运幻象,,0,8,0,0,0
1141,脏活,,0,8,0,86994,0
1142,决斗者之债,,0,8,0,86994,0
1143,末日迷沼,,0,8,0,86994,0
1144,最终赎罪,,0,8,0,86994,0
1145,暗湾镇的奉纳,,0,8,0,86994,0
1146,主宰者的制镜师,,0,8,0,86994,0
1147,圣光启示录,,0,8,0,86994,0
1148,艾格茜娅的回忆,,0,8,0,86994,0
1149,卡莉娥佩之矛,,0,8,0,86994,0
1150,狮群还是灵豹,,0,8,0,86994,0
1151,效命的艺术,,0,8,0,86994,0
1152,通缉：暗翼,,0,8,0,86994,0
1153,通缉：饕餮之喙,,0,8,0,86994,0
1154,通缉：被修改的哨兵,,0,8,0,86994,0
1155,鼓舞晋升堡垒,,0,8,0,0,0
1156,伤逝剧场,,0,8,0,86994,0
1157,保护档案,,0,8,0,86994,0
1158,混合怪物,,0,8,0,86994,0
1159,废土工作,,0,8,0,86994,0
1160,鼓舞玛卓克萨斯,,0,8,0,0,0
1161,噬神戈姆,,0,8,0,86994,0
1162,戈姆蛴围栏的麻烦,,0,8,0,86994,0
1163,捣蛋的林鬼,,0,8,0,86994,0
1164,不祥的石头,,0,8,0,86994,0
1165,邪恶计划,,0,8,0,86994,0
1167,补给需求,,0,8,0,86994,0
1168,协助炽蓝仙野,,0,8,0,0,0
1169,伤逝剧场：困难时期,,0,8,0,86994,0
1170,悬赏：锐眼钥匙,,0,8,0,5703,0
1171,通缉：评估师维克斯,,0,8,0,86994,0
1172,援助雷文德斯,,0,8,0,0,0
1174,时间跳跃,,0,8,0,0,0
1175,协助暗影界,,0,8,0,87734,0
1176,心能物质活化器,,0,8,0,86994,0
1177,语言的力量,,0,8,0,86994,0
1178,狩猎战利品,,0,8,0,86994,0
1180,通缉：苍白末日,,0,8,0,86994,0
1181,通缉：召唤师玛尔瑟力斯,,0,8,0,86994,0
1182,通缉：执行者克里斯托弗,,0,8,0,86994,0
1183,通缉：达里安勋爵,,0,8,0,86994,0
1184,通缉：安东公爵,,0,8,0,86994,0
1185,午夜集市,,0,8,0,86994,0
1186,启发潜在的良知,,0,8,0,86994,0
1187,通灵战潮：圣杰的誓约,,0,8,0,86994,0
1188,塞兹仙林：沉寂的警示,,0,8,0,86994,0
1189,阿贝尔的命运,,0,8,0,86994,0
1190,阻止裁决,,0,8,0,86994,0
1191,通缉：聚合末日,,0,8,0,86994,0
1192,兽群控制,,0,8,0,86994,0
1193,追忆之钟,,0,8,0,86994,0
1194,静谧之池,,0,8,0,86994,0
1195,推荐书目,,0,8,0,86994,0
1196,灰烬王庭,,0,8,0,86994,0
1197,Choosing Your Purpose (DNT),,0,8,0,0,0
1199,逐日岛,,0,8,0,0,0
1200,新原则,,0,8,0,0,0
1201,身居其中,,0,8,0,0,0
1202,盟约大厅介绍,,0,8,0,0,0
1203,为了女王和林地！,,0,8,0,0,0
1204,堕罪堡,堕罪堡，温西尔盟约大厅介绍,0,8,0,0,0
1205,为了女王和林地！,,0,8,0,0,0
1206,传送网络,,0,8,0,0,0
1207,冒险,,0,8,0,0,0
1208,心能导流器,,0,8,0,0,0
1209,晋升之路,,0,8,0,0,0
1210,托加斯特,,0,8,0,0,0
1211,堕罪战斗员,,0,8,0,0,0
1212,通灵领主战斗员,,0,8,0,0,0
1213,格里恩战斗员,,0,8,0,0,0
1214,法夜战斗员,,0,8,0,0,0
1216,血骑士,,0,8,0,0,0
1217,喜剧之旅,,0,8,0,0,0
1218,崭新道路,,0,8,0,0,0
1219,炽蓝仙野之战,,0,8,0,0,0
1220,隐迹宾客,恐惧魔王对温西尔,0,8,0,0,0
1221,魅夜之力,,0,8,0,0,0
1222,最终印记,,0,8,0,0,0
1223,主宰者的制镜师,,0,8,0,0,0
1224,骨与钢的军团,,0,8,0,0,0
1225,噬渊行者大军,,0,8,0,0,0
1226,北郡,,0,8,0,0,0
1227,试炼谷,,0,8,0,0,0
1228,化形千面,,0,8,0,0,0
1234,眼目聚焦,,0,8,0,0,0
1235,塔扎维什：帷纱集市,,0,8,0,0,0
1236,刻希亚的档案员,,0,8,0,0,0
1237,追赶！,,0,8,0,5703,0
1238,噬渊,,0,8,0,5703,0
1239,追赶！,,0,8,0,5703,0
1240,追赶！,,0,8,0,5703,0
1241,追赶！,,0,8,0,5703,0
1242,托加斯特,,0,8,0,5703,0
1243,托加斯特,,0,8,0,5703,0
1244,托加斯特,,0,8,0,5703,0
1245,托加斯特,,0,8,0,5703,0
1246,补丁开场剧情,,0,8,0,5703,0
1247,补丁战役,,0,8,0,5703,0
1248,前方的路,,0,8,0,0,0
1250,达成共识,,0,8,0,0,0
1251,失窃的宠物补给,,0,8,0,0,0
1252,愤怒勋章,愤怒勋章,0,8,0,0,0
1253,格里恩战斗员,,0,8,0,0,0
1254,通灵领主战斗员,,0,8,0,0,0
1255,法夜战斗员,,0,8,0,0,0
1256,堕罪战斗员,,0,8,0,0,0
1257,时间跳跃,,0,8,0,0,0
1258,意志头盔,,0,8,0,0,0
1259,万物之盒,,0,8,0,0,0
1260,重新开始,,0,8,0,0,0
1261,战争育幼所,,0,24,0,0,0
1262,铸就新途,,0,8,0,0,0
1264,解决方案,,0,8,0,0,0
1265,踏足未知,,0,8,0,0,0
1266,一往无前,,0,8,0,0,0
1267,噬渊初始任务,,0,8,0,5703,0
1268,观察胜利,,0,8,0,0,0
1269,纵贯托加斯特,,0,8,0,0,0
1270,上古阅兵场,,0,24,0,0,0
1271,乌鳞营,,0,24,0,0,0
1272,疗翼营,,0,24,0,0,0
1274,霜石宝库,,0,24,0,0,0
1275,噬雷之龙的愤怒,,0,24,0,0,0
1276,黑卫营,,0,24,0,0,0
1277,小机若，大英雄,,0,8,0,0,0
1284,尾声：审判,,0,8,0,0,0
1285,最终之曲,,0,8,0,0,0
1286,女王的礼物,,0,8,0,0,0
1287,补丁开场剧情,,0,8,0,0,0
1288,初诞者密文,,0,8,0,0,0
1289,龙鳞探险队,巨龙群岛第一天任务线,123544,24,0,0,0
1290,种瓜得瓜,,0,8,0,0,0
1291,艾财团并未迷失,,0,8,0,0,0
1293,新任造物师,,0,8,0,0,0
1294,重回洛丹伦,,0,8,0,0,0
1295,重回洛丹伦,,0,8,0,0,0
1296,宠物的小问题,,0,8,0,0,0
1297,恩典之水,,0,8,0,0,0
1299,受难的巨龙,,0,24,0,0,0
1300,保卫生命,,0,24,0,0,0
1301,拉希奥的计策,,0,24,0,0,0
1302,光复使命,,0,24,0,0,0
1303,深入平原,,0,24,0,0,0
1304,马鲁凯,,0,24,0,0,0
1305,欧恩哈拉的赐福,,0,24,0,0,0
1306,延续羁绊,,0,24,0,0,0
1308,奥秘花园,,0,24,0,112734,0
1309,沉睡者,,0,24,0,112734,0
1310,瓦德拉肯，巨龙之城,,0,24,0,0,0
1311,暗爪营,,0,24,0,0,0
1314,深入档案馆,,0,24,0,0,0
1315,瓦克索斯,,0,24,0,0,0
1316,腐烂根须,,0,24,0,0,0
1317,海象人的麻烦,,0,24,0,0,0
1323,大冒险家,,0,24,0,0,0
1324,时间管理,,0,24,0,0,0
1325,白银使命,,0,24,0,112740,0
1331,封印的奥秘,龙鳞探险队名望第1章,0,24,0,112732,0
1333,誓言母石,,0,8,0,0,0
1358,驭龙术介绍,,0,0,0,0,0
1359,[DEPRECATED],,0,8,0,0,0
1362,酋长的职责,,0,24,0,112733,0
1363,远古界门,旅行网络,0,0,0,0,0
1364,追赶！,,0,0,0,5703,0
1366,天生桀骜,,0,0,0,0,0
1367,巨龙群岛特使,,0,24,0,0,0
1368,灵思火花,,0,8,0,0,0
1370,提尔的第二项挑战,,0,0,0,0,0
1371,提尔的第三项挑战,,0,0,0,0,0
1372,提尔的第四项挑战,,0,0,0,0,0
1373,释放创新,,0,0,0,0,0
1374,在泰坦的大厅中,龙鳞探险队名望第2章,0,24,0,112732,0
1375,专业任务,,0,0,0,0,0
1376,黑曜堡垒小号跳过,,0,0,0,0,0
1377,提尔之陨,,0,24,0,112740,0
1378,阿达曼茜雅,,0,8,0,0,0
1379,人类传承护甲,,0,8,0,0,0
1380,龙鳞探险队名望,,0,0,0,0,0
1381,马鲁克半人马名望,,0,0,0,0,0
1382,伊斯卡拉海象人名望,,0,0,0,0,0
1383,瓦德拉肯联军名望,,0,0,0,0,0
1384,在泰坦的大厅中,龙鳞探险队名望第2章,0,0,0,0,0
1385,酋长的职责,,0,0,0,0,0
1386,封印的奥秘,龙鳞探险队名望第1章,0,0,0,0,0
1387,奥秘花园,,0,0,0,0,0
1388,沉睡者,,0,0,0,0,0
1389,白银使命,,0,0,0,0,0
1390,灵思火花,,0,0,0,0,0
1391,被遗忘者传承护甲,,0,8,0,0,0
1392,破土而入,,0,24,0,0,0
1393,碎裂的传承,,0,24,0,0,0
1394,远古的交易,,0,24,0,0,0
1395,传世罪业,,0,24,0,0,0
1396,宿命对决,,0,24,0,0,0
1397,烈焰终熄,,0,24,0,0,0
1398,雾纱藏骨堂,,0,24,0,0,0
1399,第2章A——晶歌森林,,0,24,0,112736,0
1400,第2章B——塞拉摩,,0,24,0,112736,0
1401,第3章A——藏宝海湾,,0,24,0,112736,0
1402,第3章B——翡翠林,,0,24,0,112736,0
1403,第3章C——冬泉谷,,0,24,0,112736,0
1404,再度团聚,,0,24,0,112736,0
1405,10.0 Pre-Patch [DNT],,0,0,0,0,0
1406,10.0 Faction Swap Protection [DNT],,0,0,0,0,0
1407,世仇旧恨,,0,0,0,0,0
1408,唤魔师的石板,,0,0,0,5703,0
1409,巨龙圣物,,0,0,0,5703,0
1410,祝福标志,,0,0,0,0,0
1411,奇妙的鱼,,0,0,0,5703,0
1412,神秘的文字,,0,0,0,5703,0
1413,同巢操戈,,0,24,0,0,0
1416,假日活动任务,,0,8,0,0,0
1418,暴风之怒,,0,0,0,5703,0
5348,泰蕾苟萨之眠,,0,0,0,0,0
5349,蓝龙战役,,0,0,0,0,0
5352,纳兹乌罗，无拘传承,,0,0,0,0,0
5353,龙与鳞探险队,一个龙鳞探险队的小组被攻击了。帮帮他们和两条龙，他们也停下来帮助这个小组了。,0,0,0,0,0
5354,"Return to the Reach - Skip Questline (Not a Real Questline, Used for Skips)",,0,0,0,0,0
5355,碧蓝林海第1章,,0,0,0,0,0
5356,"A Creche Divided - Skip Questline (Not a Real Questline, Used for Skips)",,0,0,0,0,0
5357,兽人传承护甲,,0,8,0,0,0
5358,11.0 Delves - AI Companion - Season 1,,0,8,0,0,0
5359,兹斯克拉宝库,,0,0,0,0,0
5360,10.1 Upgrade System Tutorial,,0,0,0,0,0
5366,覆灭的远征队,,110289,8,0,0,0
5367,黑暗仪式,,110288,8,0,0,0
5368,叛军再起,,0,8,0,112738,0
5369,覆灭的远征队,,110301,8,0,0,0
5370,黑暗仪式,,110302,8,0,0,0
5371,斯托颂谷地的秘密,,0,8,0,0,0
5372,提拉加德海峡的困局,与海岛之国库尔提拉斯合作的话，我们可以获得他们的传奇海军……这可以让我们在与部落的战争中获得优势。,0,8,0,0,0
5373,德鲁斯瓦之暗,,0,8,0,0,0
5374,赞达拉战役,我们与库尔提拉斯的合作发展良好。但部落也在培养他们与赞达拉的关系，以打造强大的军队。绝不能允许这样的情况发生。,0,8,0,0,0
5375,欢迎来到纳沙塔尔,,0,8,0,0,0
5376,欢迎来到麦卡贡,,0,8,0,0,0
5377,恩佐斯的幻象,,0,8,0,0,0
5378,立足之地,我们与库尔提拉斯的合作发展良好。但部落也在培养他们与赞达拉的关系，以打造强大的军队。绝不能允许这样的情况发生。,0,8,0,0,0
5379,艾泽拉斯之心,麦格尼带来了一份礼物，还有一个可怕的消息：艾泽拉斯正濒临死亡。,0,8,51211,0,0
5380,立足之地,我们与库尔提拉斯的合作发展良好。但部落也在培养他们与赞达拉的关系，以打造强大的军队。绝不能允许这样的情况发生。,0,8,0,0,0
5381,威焰同盟,,0,24,0,0,0
5382,打破轮回,恩佐斯正在崛起，乌瑞恩国王请求你抛开对部落的成见，为艾泽拉斯而奋斗，与萨鲁法尔大王并肩作战，抵抗希尔瓦娜斯·风行者。,0,8,0,0,0
5383,邪恶之物,,0,8,0,0,0
5384,欢迎来到麦卡贡,,0,8,0,0,0
5385,欢迎来到纳沙塔尔,,0,8,0,0,0
5386,恩佐斯的幻象,,0,8,0,0,0
5387,打破轮回,部落面临着考验。在恩佐斯崛起的同时，大酋长希尔瓦娜斯·风行者召回了所有忠于她的子民，以实现她对部落的愿景。萨鲁法尔大王也一样。,110189,8,0,0,0
5388,立足之地,,0,8,0,0,0
5389,祖达萨的动乱,,109925,8,0,0,0
5390,迷失纳兹米尔,,109924,8,0,0,0
5391,沃顿的沙丘,,0,8,0,0,0
5394,飞珑石,,0,0,0,0,0
5395,寒脊山谷,,0,8,0,0,0
5396,幽影谷,,0,8,0,0,0
5397,暗影烈焰火花,,0,0,0,0,0
5398,诺莫瑞根,,0,8,0,0,0
5399,暗夜精灵传承护甲,,0,8,0,0,0
5400,猩猩的崇高,,0,8,0,0,0
5401,族群末裔,,0,8,0,0,0
5402,战兽栏,,0,8,0,0,0
5403,化石采集,,0,8,0,0,0
5404,埃门谷,,0,8,0,0,0
5405,联盟盟友,,0,8,0,0,0
5406,丧钟镇,,0,8,0,0,0
5407,红云台地,,0,8,0,0,0
5408,永恒黎明,,0,0,0,0,0
5409,惊珠讯息,,0,8,0,0,0
5410,沉没之城,,0,8,0,0,0
5411,与奈辛瓦里一同狩猎,,0,8,0,0,0
5413,鲜血美餐,,0,8,0,0,0
5414,邦桑迪之沼,,0,8,0,0,0
5416,扎达克斯的条件,,0,8,0,0,0
5417,湿地魔龙尤洛克,,0,8,0,0,0
5418,和蛇人一起烹饪,,0,8,0,0,0
5419,油沼,,0,8,0,0,0
5420,抱齿兽的难题,,0,8,0,0,0
5421,为了赚钱,,0,8,0,0,0
5422,满足饥民,,0,8,0,0,0
5423,艾什凡的小丑,,0,8,0,0,0
5424,竞技场冠军,,0,8,0,0,0
5425,扎克拉加之庭,,0,8,0,0,0
5426,金牙旅馆,,0,8,0,0,0
5427,泽姆兰港,,0,8,0,0,0
5428,蛇人堡垒,,0,8,0,0,0
5429,吉布尔的愤怒,,0,8,0,0,0
5430,回音群岛,,0,8,0,0,0
5431,灰石要塞,,0,8,0,0,0
5432,探索洞穴,,0,8,0,0,0
5433,山崖居所,,0,8,0,0,0
5434,矿是我的,,0,8,0,0,0
5435,冰山,,0,8,0,0,0
5436,伐木困境,,0,8,0,0,0
5437,海妖之歌,,0,8,0,0,0
5439,锈水码头,,0,8,0,0,0
5440,屠夫港,,0,8,0,0,0
5441,德鲁斯瓦废墟,,0,8,0,0,0
5442,隼林镇,,0,8,0,0,0
5443,穴居人的洞穴,,0,8,0,0,0
5444,德鲁斯瓦礼拜堂,,0,8,0,0,0
5445,关照克莱因,,0,8,0,0,0
5446,渔夫小屋,,0,8,0,0,0
5447,茶话会,,0,8,0,0,0
5448,柳魔人仪式,,0,8,0,0,0
5449,走私者海湾,,0,8,0,0,0
5450,最危险的战利品,,0,8,0,0,0
5451,不要蜜蜂！,,0,8,0,0,0
5452,米尔斯通小村,,0,8,0,0,0
5453,血色领地,,0,8,0,0,0
5454,第五精华,唤魔师解锁了第三个专精，并由此释放出了潜在的未来盟友……也可能是敌人。,0,8,0,0,0
5455,重铸提尔近卫,,0,24,0,0,0
5456,进入梦境,,0,24,0,0,0
5458,欢迎来到暴风城,,111460,8,0,0,0
5459,欢迎来到奥格瑞玛,,111463,8,0,0,0
5460,伊瑟拉之眼,,0,24,0,0,0
5461,翡翠梦境战役,,0,8,0,0,0
5462,菲莱拉兹，梦境之瞑,,0,8,0,0,0
5464,和解,,0,0,0,0,0
5465,原野与烈焰之梦,,0,24,0,0,0
5466,艾泽拉斯档案馆 - 教程,,0,0,0,5703,0
5467,Test Trivial Campaign Line,,0,8,0,0,0
5468,艾泽拉斯档案馆 - 发掘场地,,0,0,0,5703,0
5469,艾泽拉斯档案馆 - 科技占卜场地,,0,0,0,5703,0
5470,艾泽拉斯档案馆 - 研究场地与总结,,0,0,0,5703,0
5471,烈焰德鲁伊,,0,24,0,0,0
5472,冰与火,,0,24,0,0,0
5473,新的开始,,0,24,0,0,0
5474,不合群的巨龙,,0,0,0,0,0
5475,艾基-卡赫特测试,,0,0,0,0,0
5476,提尔归来,,0,24,0,112740,0
5477,希望、关爱与耐心,,0,0,0,0,0
5478,弥散营地,,0,0,0,0,0
5480,11.0预购,,0,0,0,0,0
5482,赤目红心,,0,8,0,113552,0
5483,共生光孢握柄,,0,0,0,0,0
5484,凝聚睿智的羊皮纸,,0,0,0,0,0
5485,影缚符文,,0,0,0,0,0
5487,11.0 Delves - Fungarian 01 - (STM),,0,8,0,0,0
5488,翡翠林,,0,8,0,0,0
5489,四风谷,,0,8,0,0,0
5490,卡桑琅丛林,,0,8,0,0,0
5491,昆莱山,,0,8,0,0,0
5492,螳螂高原,,0,8,0,0,0
5493,恐惧废土,,120393,8,0,0,0
5494,翡翠林,,0,8,0,0,0
5495,卡桑琅丛林,,0,8,0,0,0
5496,昆莱山,,0,8,0,0,0
5497,神盾守备军,,0,8,0,0,0
5498,重铸提尔近卫,,0,0,0,0,0
5499,统御先锋军,,0,8,0,0,0
5500,夺日者先锋军,,0,8,0,0,0
5501,肯瑞托远征军,,0,8,0,0,0
5502,绝地反击,,0,8,0,0,0
5503,决战奥格瑞玛,,0,8,0,0,0
5504,暗矛巨魔传承护甲,,0,8,0,0,0
5505,10.2 Upgrade System Tutorial,,0,0,0,0,0
5506,计中计,,0,24,0,0,0
5508,青铜和解,,0,0,0,0,0
5509,漫林郡,漫林郡当地故事POI,0,72,0,0,0
5510,梦境火花,,0,0,0,0,0
5511,收复吉尔尼斯,帮助吉尔尼斯人赶走血色十字军并夺回城市！,0,8,0,0,0
5512,薮根究底,,0,72,0,0,0
5513,艾泽拉斯的幻象,,0,24,0,0,0
5514,艾泽拉斯档案馆 - 可重复世界任务,Container for all the WQs associated with Azerothian Archives in 10.2.5,0,0,0,0,0
5515,科技占卜：协调观察站,简要概括了协调观察站的一次性科技占卜任务。,0,0,0,0,0
5516,科技占卜：艾姬拉瞭望台,简要概括了艾姬拉瞭望台的一次性科技占卜任务。,0,0,0,0,0
5517,科技占卜：龙颅岛,简要概括了龙颅岛的一次性科技占卜任务。,0,0,0,0,0
5519,追猎先驱,,121895,24,0,0,0
5520,黑暗中的朋友,,0,24,0,0,0
5521,解开困局,,0,24,0,0,0
5522,光照威尔汉之征,,0,72,0,0,0
5523,灵魂的羁绊,Max level chapter1 for zone 1,0,24,0,0,0
5524,七武士,,0,72,0,0,0
5525,土灵嫌隙,,0,24,0,0,0
5526,团结孕育希望,,0,24,0,0,0
5527,遗孤的困境,,0,72,0,0,0
5528,艾泽拉斯档案馆,,0,0,0,0,0
5529,引领之星,,0,24,0,0,0
5530,重影交集,,0,24,0,0,0
5531,机械参战,This Questline holds Chapter 3 (Zone 2) of the Max Level Campaign.,0,24,0,0,0
5532,苍穹不厌高,,0,72,0,0,0
5533,烛光伴我,,0,24,0,0,0
5534,黑暗启示,,0,24,0,0,0
5535,怪物与机械,,0,24,0,0,0
5536,时空奔行：熊猫人之谜,,117532,24,0,0,0
5537,10.2.6 Upgrade System Tutorial,,0,0,0,0,0
5538,收复吉尔尼斯,帮助吉尔尼斯人赶走血色十字军并夺回城市！,0,8,0,0,0
5539,断裂点,,0,24,0,0,0
5540,第一击,,0,24,0,0,0
5541,姆玛尔的协商,,0,72,0,0,0
5542,终得安宁,,0,72,0,0,0
5543,深沟苦力,,0,72,0,0,0
5544,下层线报,"This is the 2nd chapter of the max level campaign, in Zone 5.",0,24,0,0,0
5545,柱巢惊魂,,0,72,0,0,0
5546,驭龙术介绍,,0,16,0,0,0
5547,长姐之罪,,0,0,0,0,0
5548,Peter's Test Questline,用来测试的基础任务线！,0,0,0,0,0
5549,云端翔龙骑士团,,0,0,0,0,0
5550,黑暗中的一缕明光,,0,24,0,0,0
5551,逆水行舟,,0,24,0,0,0
5552,最后的陨圣峪法师,,0,72,0,0,0
5556,卡拉克西日常任务,,0,0,0,0,0
5557,决战奥格瑞玛,,0,8,0,0,0
5558,地底特工,,0,8,0,0,0
5559,双线作战,但飞艇被蛛网所困，阿拉希人不得不双线作战。,0,72,0,0,0
5560,11.0地下堡 - 系统,,0,8,0,0,0
5561,11.0 Upgrade System Tutorial,,0,16,0,0,0
5562,万般好景……,与菲琳·洛萨和蒙特·加兹鲁维联手，阻止女王的部队进犯陨圣峪。,0,72,0,0,0
5563,锐击之钢,,0,72,0,0,0
5564,艾基-卡赫特 - 世界任务/可重复任务,,0,0,0,0,0
5565,蠕虫之地,,0,72,0,0,0
5566,碧蓝林海,,122650,24,0,0,0
5567,阿努巴扎尔的碎裂传承,将军的恶名路线进度相关任务。,0,0,0,0,0
5568,觉醒海岸,,122657,24,0,0,0
5569,欧恩哈拉平原,,122661,24,0,0,0
5570,索德拉苏斯,,122662,24,0,0,0
5571,斯考兹加尔森林兄弟情,,0,0,0,0,0
5572,卡兹阿加使者,,0,8,0,0,0
5573,斩离之丝,,0,0,0,0,0
5574,使命与别离,,0,72,0,0,0
5575,陨圣峪 - 世界任务/可重复任务,,0,0,0,0,0
5576,燃烧的远征克罗米时间填充任务,,0,0,0,0,0
5577,燃烧的远征克罗米时间填充任务,,0,0,0,0,0
5578,巫妖王之怒克罗米时间填充任务,,0,0,0,0,0
5579,巫妖王之怒克罗米时间填充任务,,0,0,0,0,0
5580,大地的裂变克罗米时间填充任务,,0,0,0,0,0
5581,大地的裂变克罗米时间填充任务,,0,0,0,0,0
5582,熊猫人之谜克罗米时间填充任务,,0,0,0,0,0
5583,熊猫人之谜克罗米时间填充任务,,0,0,0,0,0
5584,德拉诺之王克罗米时间填充任务,,0,0,0,0,0
5585,德拉诺之王克罗米时间填充任务,,0,0,0,0,0
5586,军团再临克罗米时间填充任务,,0,0,0,0,0
5587,军团再临克罗米时间填充任务,,0,0,0,0,0
5588,喧鸣深窟 - 世界任务/可重复任务,,0,0,0,0,0
5589,多恩岛 - 世界任务,,0,0,0,0,0
5590,生命自有其道,三重坚盾当地任务POI,0,72,0,0,0
5591,欧珀岩矿,欧珀岩矿当地故事POI,0,72,0,0,0
5592,尾声,Finale for 11.0,0,0,0,0,0
5593,新觉醒者,土灵引导任务,0,16,0,0,0
5594,11.0 Delves - zzOLD,,0,8,0,0,0
5595,11.0 Delves - Kobolds,,0,8,0,0,0
5596,元素治疗,,0,72,0,0,0
5597,损坏的工具,,0,72,0,0,0
5598,碎惧者,,0,72,0,0,0
5600,流丝奇谋,纺丝业务本地故事,0,72,0,0,0
5601,飘渺的希望,,0,72,0,0,0
5602,压抑深渊,,0,72,0,0,0
5603,暗育之魔,,0,72,0,0,0
5604,斩离之丝,,0,0,0,0,0
5605,麦里克斯与钢脉,,0,72,0,0,0
5606,哀念高地,,0,72,0,0,0
5607,责任的重量,,0,72,0,0,0
5608,迷失黑暗,,0,72,0,0,0
5609,苍穹之忆,,0,72,0,0,0
5610,隐修院,,0,72,0,0,0
5611,日常维护,,0,72,0,0,0
5612,向日葵先生的诊疗,,0,72,0,0,0
5613,走卒与人偶,,0,72,0,0,0
5618,疯狂旋律,,0,72,0,0,0
5619,尼贝加兹矿坑异动,,0,72,0,0,0
5620,布伦温之台的照看者,,0,72,0,0,0
5621,响岩废土恩仇录,,0,72,0,0,0
5622,腐臭岩洞的嬉闹,,0,72,0,0,0
5623,灾难萃取,,0,72,0,0,0
5624,噩梦地穴,,0,72,0,0,0
5625,剧毒侵袭,,0,72,0,0,0
5626,倦于安乐,,0,72,0,0,0
5627,狗头人文化与融合,,0,72,0,0,0
5628,可疑的邻居,,0,72,0,0,0
5630,萦绕暗影,,0,24,0,0,0
5632,战团集结,,0,0,0,0,0
5633,地下堡 - 第1赛季,,0,0,0,0,0
5634,潜匿的律令,,0,72,0,0,0
5635,多恩岛的威胁,,0,0,0,0,0
5637,陨圣峪钓鱼大赛,,0,8,0,0,0
5638,达拉然引导任务,,0,0,0,0,0
5639,(DNT) Campaign,,0,0,0,0,0
5640,(DNT) Legendary,,0,0,0,0,0
5644,深莽营地,,0,72,0,0,0
5645,神秘大厨,,0,72,0,0,0
5646,流丝区,,0,72,0,0,0
5647,沃什柱巢,,0,72,0,0,0
5648,拉克-乌什,,0,72,0,0,0
5649,怨怒线纺,,0,72,0,0,0
5650,11.0地下堡 - 升级指南 - (STM),,0,0,0,0,0
5651,岩石之心,,0,72,0,0,0
5652,宏大冒险,,0,72,0,0,0
5653,真菌人之忧,,0,72,0,0,0
5654,美熔养岩,,0,72,0,0,0
5655,进入迷雾,,0,72,0,0,0
5656,探索冈达加兹,,0,0,0,0,0
5657,熊猫人之谜,,125592,0,0,0,0
5658,[DNT] Weaver Treasure Quests - Zone Map,,0,0,0,0,0
5664,奥术废土,,0,8,0,0,0
5666,废墟间的力量,,0,8,0,0,0
5670,地区3瓶颈1,,0,16,0,0,0
5671,地区3瓶颈2,,0,16,0,0,0
5672,地区3瓶颈3,,0,16,0,0,0
5674,[DNT] General Treasure Quests - Zone Map,,0,0,0,0,0
5675,[DNT] Vizier Treasure Quests - Zone Map,,0,0,0,0,0
5676,冒险就在前方,,0,16,0,0,0
5677,每周契约宝物,,0,0,0,0,0
5679,[DNT] Notoriety Tracking Quests - Weaver Tiers,,0,0,0,0,0
5680,[DNT] Notoriety Tracking Quests - General Tiers,,0,0,0,0,0
5681,[DNT] Notoriety Tracking Quests - Vizier Tiers,,0,0,0,0,0
5709,重要任务,,0,8,0,0,0
5710,每天都嗅个不停,,0,8,0,117222,0
5711,喧鸣深窟 - 每周任务,,0,8,0,127836,0
5712,[DNT] Notoriety/Pacts - Tracking Quests,,0,0,0,0,0
5716,女王之死,,0,88,0,0,0
5732,奥秘之歌,,0,8,0,0,0
5745,11.0.7海妖岛 - 顶点任务（MDE）,,0,0,0,0,0
5767,海妖岛每周任务,,0,0,0,0,0
